﻿<?xml version="1.0" encoding="utf-8"?>
<TextureAtlas imagePath="bg_crazy.png">
	<!-- Created with Adobe Animate version 18.0.2.126 -->
	<!-- http://www.adobe.com/products/animate.html -->
	<SubTexture name="bg_with_seizures0000" x="0" y="0" width="1935" height="829" frameX="-127" frameY="0" frameWidth="2189" frameHeight="829"/>
	<SubTexture name="bg_with_seizures0001" x="1935" y="0" width="1930" height="829" frameX="-48" frameY="0" frameWidth="2189" frameHeight="829"/>
	<SubTexture name="bg_with_seizures0002" x="0" y="829" width="2189" height="829"/>
	<SubTexture name="bg_with_seizures0003" x="0" y="1658" width="1935" height="829" frameX="-127" frameY="0" frameWidth="2189" frameHeight="829"/>
	<SubTexture name="bg_with_seizures0004" x="1935" y="1658" width="1930" height="829" frameX="-48" frameY="0" frameWidth="2189" frameHeight="829"/>
	<SubTexture name="bg_with_seizures0005" x="0" y="2487" width="2189" height="829"/>
	<SubTexture name="bg_withought_seizures0000" x="0" y="0" width="1935" height="829" frameX="-127" frameY="0" frameWidth="2189" frameHeight="829"/>
	<SubTexture name="bg_withought_seizures0001" x="0" y="3316" width="1930" height="829" frameX="-48" frameY="0" frameWidth="2189" frameHeight="829"/>
	<SubTexture name="bg_withought_seizures0002" x="0" y="4145" width="2189" height="829"/>
	<SubTexture name="bg_withought_seizures0003" x="0" y="1658" width="1935" height="829" frameX="-127" frameY="0" frameWidth="2189" frameHeight="829"/>
	<SubTexture name="bg_withought_seizures0004" x="0" y="4974" width="1930" height="829" frameX="-48" frameY="0" frameWidth="2189" frameHeight="829"/>
	<SubTexture name="bg_withought_seizures0005" x="0" y="5803" width="2189" height="829"/>
</TextureAtlas>
